No. ,Titik Koordinat,Nama Unit,"ALAMAT  KANTOR",KELURAHAN,KECAMATAN,KOTA / KABUPATEN,KODE POS,PROVINSI,Area/Cluster,Kode Cabang,Column 1,Column 2,Column 3
1,"-6.7477605,106.801142",Bogor Cigombong 1,"Ruko Plaza Lido 26-27, Jl Mayjend H.E. Sukma Km 23, Perumahan Villa Mutiara Lido, Kel/Kec Cigombong",Cigombong,Cigombong,Kab. Bogor,16740,JAWA BARAT,BOGOR 1,13379,,,
2,"-6.632727, 106.825586",Bogor Tajur 1,Jl. Raya Tajur No. 121 B & C,Tajur,Bogor Timur,Kota Bogor,16141,JAWA BARAT,BOGOR 1,13310,,,
3,"-6.677578, 106.929379",Bogor Cisarua 1,Jl. Raya Cisarua Km.80 No.28 Kp. Pasanggrahan RT.02/01,Citeko,Cisarua,Kab. Bogor,16750,JAWA BARAT,BOGOR 1,13380,,,
4,"-6.610365, 106.811275",Bogor Pajajaran 1,Jl. Raya Pajajaran No. 60 B & 60 C,Baranangsiang,Bogor Timur,Kota Bogor,16143,JAWA BARAT,BOGOR 1,13313,,,
5,"-6.596314, 106.793594",Bogor Juanda 1,"Jl. Ir. H, Juanda No. 12",Pabaton,Bogor Timur,Kota Bogor,16121,JAWA BARAT,BOGOR 1,13300,,,Bogor Tengah > Bogor Timur
6,"-6.6106311,106.8048086",Bogor Suryakencana 1,Jl. Suryakencana No. 310,Gudang,Bogor Tengah,Kota Bogor,16123,JAWA BARAT,BOGOR 1,13302,,,
7,"-6.614302, 106.803703",Bogor Nirwana Residence 1,Jl. Pahlawan No. 141,Bondongan,Bogor Selatan,Kota Bogor,16131,JAWA BARAT,BOGOR 1,13324,,,
8,"-6.547473, 106.823206",Bogor Ciluar 1,"Jl. Raya Simpang Pomad Ruko No. 323 C, Ciluar",Ciluar,Bogor Utara,Kota Bogor,16156,JAWA BARAT,BOGOR 2,13316,,,
9,"-6.483992, 106.798994",Bogor Bojong Gede 1,Jl. Jl. Bojong Gede Bambu Kuning No. 8J/10 RT 03 RW.01,Bojonggede,Bojonggede,Kab. Bogor,16320,JAWA BARAT,BOGOR 2,13382,,,
10,"-6.5114134,106.8066406",Bogor Karadenan 1,Jl. Raya Karadenan Ruko No. 6 Kaumpandak RT 003/RW 010,Karadenan,Cibinong,Kab. Bogor,16913,JAWA BARAT,BOGOR 2,13392,,,
11,"-6.5908399,106.7931524",Bogor Pasar Anyar 1,"Ruko Central Blok C No. 15, Jl. Dewi Sartika",Pabaton,Bogor Tengah,Kota Bogor,16121,JAWA BARAT,BOGOR 2,13315,,,
12,"-6.5961382,106.7924187",Bogor Kapten Muslihat 1,Jl. Kapten Muslihat No. 17,Pabaton,Bogor Tengah,Kota Bogor,16121,JAWA BARAT,BOGOR 2,13301,,,
13,"-6.5606334,106.7882881",Bogor Sholeh Iskandar 1,"Komplek Pertokoan 24, Jl. KH Soleh Iskandar No. 9M & 10N",Kedung Jaya,Tanah Sareal,Kota Bogor,16161,JAWA BARAT,BOGOR 2,13317,,,
14,"-6.5813873,106.8068229",Bogor Warung Jambu 1,Ruko Villa Indah Pajajaran Blok K-L Jl. Raya Pajajaran No. 88,Babakan,Bogor Tengah,Kota Bogor,16128,JAWA BARAT,BOGOR 2,13308,,,
15,"-6.572996, 106.629636",Leuwiliang 1,JL. Raya Leuwiliang No. 11 RT 001 RW 012,Kel. Cibeber,Leuwiliang,Kab. Bogor,16640,JAWA BARAT,BOGOR YASMIN,13384,,,
16,"-6.559190, 106.712107",Dramaga 1,Jl. Raya Cibanteng No.150 RT 05 RW 03,Desa Cibanteng,Ciampea,Kab. Bogor,16620,JAWA BARAT,BOGOR YASMIN,13383,,,
17,"-6.3830509,106.6859466",Bogor Gunung Sindur 1,"Jl. Pemuda No. 38, RT 002 RW 001",Desa Gunung Sundur,Gunung Sindur,Kab. Bogor,16340,JAWA BARAT,BOGOR YASMIN,13375,,,
18,"-6.426155, 106.731751",Bogor ATC Parung 1,"Ruko ATC Parung, Blok A6-A7, Jl. Raya Parung, No. 6",Parung,Parung,Kab. Bogor,16330,JAWA BARAT,BOGOR YASMIN,13326,,,
19,"-6.601695, 106.773306",Bogor Ciomas 1,"Grand Eng 21, RT.02 RW.11",Ciomas,Ciomas,Kab. Bogor,16610,JAWA BARAT,BOGOR YASMIN,13386,,,
20,"-6.496996, 106.753653",Bogor Kemang 1,Jl. Raya Bogor RT 003 RW 008,Kemang,Kemang,Kab. Bogor,16310,JAWA BARAT,BOGOR YASMIN,13391,,,
21,"-6.5591905,106.7680771",Bogor Yasmin 1,Jl. KH Abdullah Bin Nuh No.84,Curug Mekar,Bogor Barat,Kota Bogor,16113,JAWA BARAT,BOGOR YASMIN,13393,,,
22,"-6.560290, 106.727018",Bogor Kampus IPB Darmaga 1,"Gedung IPB Innopreneurship Center, Jl. Kampus IPB Dramaga",Desa Babakan,Dramaga,Kab. Bogor,16680,JAWA BARAT,BOGOR YASMIN,13318,Revisi,,
23,"-6.4864261,106.8764595",Citeureup 1,Jl. Mayor Oking RT.001 RW.003,Karang Asem Barat,Citeureup,Kab. Bogor,16810,JAWA BARAT,CIBINONG MAYOR OKING,13320,,,
24,"-6.322634, 106.968534",Bogor Grand Nusa Dua 1,Perumahan Grand Nusa Dua Residence Blok D,Desa Bojong Kulur,Gunung Putri,Kab. Bogor,16969,JAWA BARAT,CIBINONG MAYOR OKING,13323,,,
25,"-6.445754, 106.914938",Bogor Gunung Putri 1,"Komplek Purimas Niaga No. 6 – 8, Jl. Mercedes Benz",Tlajung Udik,Gunung Putri,Kab. Bogor,16961,JAWA BARAT,CIBINONG MAYOR OKING,13376,,,
26,"-6.473790, 106.863072",Cibinong Mayor Oking 1,Ruko Mayor Oking No. 8-9 Jl. Mayor Oking No. 134,Cirimekar,Cibinong,Kab. Bogor,16917,JAWA BARAT,CIBINONG MAYOR OKING,13325,,,
27,"-6.4083149,106.9615288",Cileungsi 1,"Ruko Mall Cileungsi Blok C No. 5 & 6, Jl. Raya Narogong, Cileungsi",Cileungsi Kidul,Cileungsi,Kab. Bogor,16820,JAWA BARAT,CIBINONG MAYOR OKING,13321,,,
28,"-6.4519218,106.9579981",Bogor Klapanunggal 1,Grand Kahuripan Blok B No.10 & 11 Jl.Raya Klapanunggal,Klapanunggal,Klapanunggal,Kab. Bogor,16710,JAWA BARAT,CIBINONG MAYOR OKING,13397,,,
29,"-6.404440, 106.976516",Bogor Metland Cileungsi 1,Jl. Raya Boulevard Kota Taman Metropolitan Ebony XXV No.1-2,Desa Cileungsi Kidul,Cileungsi,Kab. Bogor,16820,JAWA BARAT,CIBINONG MAYOR OKING,13395,,,
30,"-6.566432, 106.845661",Bogor Sentul City 1,Jl. MH Thamrin Kav. 8 Sentul City,Cipambuan,Babakan Madang,Kab. Bogor,16810,JAWA BARAT,CIBINONG MAYOR OKING,13319,,,
31,"-6.435688, 107.051270",Bogor Jonggol 1,"Ruko Citra Indah Square Blok RCS-02 No. 2, Jl. Raya Jonggol KM 23,2",Ds Cipeucang,Cileungsi,Kab. Bogor,16820,JAWA BARAT,CIBINONG MAYOR OKING,13381,,,
32,"-6.4855728,106.8396465",Cibinong City Center 1,Jl. Tegar Beriman No.1,Pakansari,Cibinong,Kab. Bogor,16915,JAWA BARAT,CIBINONG MAYOR OKING,13307,,,
33,"-6.416233, 106.858713",Depok Jatijajar 1,Jl. Raya Bogor No. 6 & 7 RT/RW 001/017,Sukamaju,Cilodong,Kota Depok,16415,JAWA BARAT,DEPOK 1,15715,,,
34,"-6.3774536,106.8647279",Depok Cisalak 1,"Jl. Raya Bogor Km.31 No. 4-5, Cisalak",Cisalak Pasar,Cimanggis,Kota Depok,16416,JAWA BARAT,DEPOK 1,15705,,,"meleset 10 meter (ketengah jalan, but its okay)"
35,"-6.4027742,106.8811413",Depok Pekapuran 1,Jl. Raya Pekapuran RT 001 RW 006,Sukamaju Baru,Tapos,Kota Depok,16455,JAWA BARAT,DEPOK 1,15788,,,meleset 1 meter (ke samping bank)
36,"-6.354568, 106.845728",Depok Kelapa Dua 2,"Jl. Raya Akses UI No. 88 C, Kelapa Dua, Cimanggis",Tugu,Cimanggis,Kota Depok,16451,JAWA BARAT,DEPOK 1,15704,,,
37,"-6.391033, 106.851081",Depok Timur 1,"Jl. Proklamasi Raya Blok A No.7-8, Depok II Timur",Abadijaya,Sukmajaya,Kota Depok,16417,JAWA BARAT,DEPOK 1,15709,,,
38,"-6.403838, 106.838997",Depok Tengah 2,Jl Tole Iskandar No. 3 Depok II Tengah,Mekarjaya,Sukmajaya,Kota Depok,16411,JAWA BARAT,DEPOK 1,15703,,,
39,"-6.393319, 106.823409",Depok ITC 1,"Pertokoan ITC Depok No.49,Jl. Margonda Raya",Depok,Pancoran Mas,Kota Depok,16431,JAWA BARAT,DEPOK 2,15708,,,
40,"-6.405712, 106.818702",Depok Kartini 1,"Pertokoan Kartini Blok A No. 11, Jl. Kartini Raya, Pancoran Mas",Depok,Pancoran Mas,Kota Depok,16436,JAWA BARAT,DEPOK 2,15716,,,
41,"-6.391496, 106.814397",Depok Satu 2,Jl. Nusantara Raya No. 25 AB,Depok Jaya,Pancoran Mas,Kota Depok,16432,JAWA BARAT,DEPOK 2,15706,,,
42,"-6.3720101,106.8349352",Depok Margo City 1,"Margo City Lower Ground 27-28, Jl. Margonda Raya No.358",Kemiri Muka,Beji,Kota Depok,16423,JAWA BARAT,DEPOK 2,15714,,,
43,"-6.383621, 106.829832",Depok 1,Jl. Margonda Raya No. 2,Kemiri Muka,Beji,Kota Depok,16432,JAWA BARAT,DEPOK 2,15700,,,
44,"-6.444520, 106.804441",Depok Citayam 1,Nuansa Depok 99 Blok R No. 3 RT 001 RW 011,Pondok Jaya,Citayam,Kota Depok,16438,JAWA BARAT,DEPOK 2,15777,,,
45,"-6.3620432,106.8249083",Depok Universitas Indonesia 1,"Fakultas Teknik Universitas Indonesia, Gedung Dekanat Fakultas Teknik, Kampus Universitas Indonesia Depok, Jl. Prof. DR. Ir R Roosseno",Kukusan,Beji,Kota Depok,16425,JAWA BARAT,DEPOK 2,15713,,,
46,"-6.3250663,106.7845645",Jakarta Cinere 1,Jl. Cinere Raya Kav. 32-33,Cinere,Cinere,Kota Depok,16514,JAWA BARAT,DEPOK GALERIA SAWANGAN,15717,,,
47,"-6.4023366,106.7423367",Sawangan Sari Plaza 2,Ruko Sari Plaza No. 19 - 20 Jl. Bojongsari No. 1,Bojongsari,Bojongsari,Kota Depok,16516,JAWA BARAT,DEPOK GALERIA SAWANGAN,15707,,,
48,"-6.3739878,106.7450988",Depok Cinangka 2,"Komp. Ruko dan Pergudangan Sawangan Megah Blok A 8, Jl. Raya Parung Ciputat, KM 63, RT 006 / RW 004",Sarua,Bojongsari,Kota Depok,16517,JAWA BARAT,DEPOK GALERIA SAWANGAN,15786,,,
49,"-6.339571, 106.793358",Depok Bukit Cinere Gandul 1,Jl. Bukit Cinere No. 86.D,Gandul,Cinere,Kota Depok,16514,JAWA BARAT,DEPOK GALERIA SAWANGAN,15718,,,
50,"-6.3430095,106.7788801",Depok Cinere Limo 1,"Jl. Cinere Blok F1 No. 7, Cinere",Cinere,Cinere,Kota Depok,16514,JAWA BARAT,DEPOK GALERIA SAWANGAN,15711,,,
51,"-6.3944002,106.7717608",Galeria Sawangan 1,Jl. Meruyung Raya No. 60 RT 05 RW 10,Rangkapan Jaya,Pancoran Mas,Kota Depok,16435,JAWA BARAT,DEPOK GALERIA SAWANGAN,15789,,,
52,"-6.239661, 106.791118",Jakarta Mayestik 1,Jl. Tebah III No. 1,Gunung,Kebayoran Baru,Wil. Kota Jakarta Selatan,12140,DKI JAKARTA,JAKARTA FALATEHAN,12620,,,
53,"-6.256171, 106.789969",Jakarta Radio Dalam 1,Jl. Radio Dalam Raya No.11-11A,Gandaria Utara,Kebayoran Baru,Wil. Kota Jakarta Selatan,12140,DKI JAKARTA,JAKARTA FALATEHAN,12618,,,
54,"-6.245701, 106.800570",Jakarta Melawai 1,"Jl. Melawai Raya No. 12-14, Kebayoran Baru",Melawai,Kebayoran Baru,Wil. Kota Jakarta Selatan,12160,DKI JAKARTA,JAKARTA FALATEHAN,12606,,,
55,"-6.3629829,106.8024122",Jakarta Jagakarsa 1,Jl. Raya Moch. Kahfi I No. 27 Cipedak,Cipedak,Jagakarsa,Wil. Kota Jakarta Selatan,12630,DKI JAKARTA,JAKARTA FALATEHAN,12675,,,
56,"-6.243073, 106.801714",Jakarta Falatehan 1,Jl. Falatehan I No.44,Melawai,Kebayoran Baru,Wil. Kota Jakarta Selatan,12160,DKI JAKARTA,JAKARTA FALATEHAN,12600,,,
57,"-6.2528296,106.800138",Jakarta Grand Wijaya 1,"Jl. Wijaya II, Komp. Wijaya Grand Center Blok F.1",Pulo,Kebayoran Baru,Wil. Kota Jakarta Selatan,12160,DKI JAKARTA,JAKARTA FALATEHAN,12602,,,
58,"-6.280967, 106.796578",Jakarta Fatmawati 1,"Jl. R.S. Fatmawati No. 8, Cilandak",Cilandak Barat,Cilandak,Wil. Kota Jakarta Selatan,12430,DKI JAKARTA,JAKARTA FATMAWATI,12700,,,
59,"-6.2636482,106.7977118",Jakarta ITC Fatmawati 1,"Pertokoan Duta Mas Blok A.I No. 17 , Jl. RS Fatmawati",Cipete Utara,Kebayoran Baru,Wil. Kota Jakarta Selatan,12150,DKI JAKARTA,JAKARTA FATMAWATI,12710,,,
60,"-6.2940496,106.7947705",Jakarta Cilandak Barat 1,"Jl. R.S. Fatmawati No. 6 , Cilandak Barat",Cilandak Barat,Pondok Labu,Wil. Kota Jakarta Selatan,12420,DKI JAKARTA,JAKARTA FATMAWATI,12708,,,
61,"-6.285118, 106.838414",Jakarta Jatipadang 1,Jl. Raya Ragunan No. 185 RT 013 RW 003,Pasar Minggu,Pasar Minggu,Wil. Kota Jakarta Selatan,12520,DKI JAKARTA,JAKARTA FATMAWATI,12714,,,
62,"-6.3095066,106.8136489",Jakarta Cilandak KKO 1,Jl. Raya Cilandak KKO No. 5,Ragunan,Pasar Minggu,Wil. Kota Jakarta Selatan,12560,DKI JAKARTA,JAKARTA FATMAWATI,12713,,,
63,"-6.327472, 106.824077",Jakarta Lenteng Agung 1,"Ruko Syntha House, Jl. Raya Jagakarsa No.50D RT 009 RW 003",Jagakarsa,Jagakarsa,Wil. Kota Jakarta Selatan,12620,DKI JAKARTA,JAKARTA FATMAWATI,12775,Revisi,V,
64,"-6.3396356,106.8329497",Jakarta Universitas Pancasila 1,"Jl. Raya Lenteng Agung, Srengseng Sawah",Srengseng Sawah,Jagakarsa,Wil. Kota Jakarta Selatan,12640,DKI JAKARTA,JAKARTA FATMAWATI,12720,,,
65,"-6.237216,106.8445216",Jakarta Tebet Supomo 1,"Jl. Prof. Dr. Supomo, SH No. 43, Tebet",Tebet Barat,Tebet,Wil. Kota Jakarta Selatan,12180,DKI JAKARTA,JAKARTA MENARA CYBER 2,12404,,,
66,"-6.208301, 106.843753",Jakarta Pasar Rumput 1,Jl. Sultan Agung No. 59 D,Pasar Manggis,Setiabudi,Wil. Kota Jakarta Selatan,12970,DKI JAKARTA,JAKARTA MENARA CYBER 2,12411,,,
67,"-6.226122, 106.847828",Jakarta Saharjo 1,"Komplek Gajah Unit F & G, Jl. Dr. Saharjo No. 111",Tebet Barat,Tebet,Wil. Kota Jakarta Selatan,12810,DKI JAKARTA,JAKARTA MENARA CYBER 2,12408,,,
68,"-6.2246198,106.8543198",Jakarta Lapangan Ros 1,"Jl. KH Abdullah Syafie No. 14, Lapangan Ros, Tebet",Bukit Duri,Tebet,Wil. Kota Jakarta Selatan,12840,DKI JAKARTA,JAKARTA MENARA CYBER 2,12406,,,
69,"-6.2425456,106.8519167",Jakarta M.T. Haryono 1,Jl. Letjend. M.T. Haryono Kav. 17,Tebet Barat,Tebet,Wil. Kota Jakarta Selatan,12810,DKI JAKARTA,JAKARTA MENARA CYBER 2,12422,Revisi,V,
70,"-6.238399, 106.849825",Jakarta Tebet Barat 1,"Jl. Tebet Barat IX No.26, Tebet",Tebet Barat,Tebet,Wil. Kota Jakarta Selatan,12810,DKI JAKARTA,JAKARTA MENARA CYBER 2,12409,,,
71,"-6.257553, 106.854593",Jakarta Kalibata Rajawati 1,Gedung IPMI Jl. Rawajati Timur I/1,Rawajati,Pancoran,Wil. Kota Jakarta Selatan,12750,DKI JAKARTA,JAKARTA MENARA CYBER 2,12419,,,
72,"-6.278385, 106.845097",Jakarta Pasar Minggu 1,"Jl. Raya Pasar Minggu No. 89 J, Pejaten",Pejaten Barat,Pasar Minggu,Wil. Kota Jakarta Selatan,12510,DKI JAKARTA,JAKARTA MENARA CYBER 2,12418,,,
73,"-6.262664, 106.842929",Jakarta Kalibata 1,Jl. Raya Pasar Minggu Km. 17 No.8,Kalibata,Pancoran,Wil. Kota Jakarta Selatan,12740,DKI JAKARTA,JAKARTA MENARA CYBER 2,12417,Isi,V,
74,"-6.233729, 106.823390",Jakarta Gedung Patrajasa 1,"Gedung Patrajasa, Jl. Jend. Gatot Subroto Kav. 32-34",Kuningan Timur,Setia Budi,Wil. Kota Jakarta Selatan,12950,DKI JAKARTA,JAKARTA PLAZA MANDIRI,7010,,,
75,"-6.241782,106.841308,",Jakarta Gedung Bidakara 1,Jl. Jend. Gatot Subroto Kav. 71-73,Menteng Dalam,Tebet,Wil. Kota Jakarta Selatan,12870,DKI JAKARTA,JAKARTA PLAZA MANDIRI,7002,,,
76,"-6.245336, 106.826054",Jakarta Mampang 1,Jl. Mampang Prapatan No. 61,Mampang Prapatan,Mampang Prapatan,Wil. Kota Jakarta Selatan,12790,DKI JAKARTA,JAKARTA PLAZA MANDIRI,7007,,,
77,"-6.228906, 106.819677",Jakarta Graha Mitra 1,Jl. Jend. Gatot Subroto Kav. 21,Karet Semanggi,Setia Budi,Wil. Kota Jakarta Selatan,12930,DKI JAKARTA,JAKARTA PLAZA MANDIRI,7008,Revisi,V,
78,"-6.264536,106.8306446",Jakarta Warung Buncit Raya 1,"Jl. Warung Buncit Raya No. 6, Wisma Ritra",Kalibata,Pancoran,Wil. Kota Jakarta Selatan,12740,DKI JAKARTA,JAKARTA PLAZA MANDIRI,7018,,,
79,"-6.2860206,106.7804084",Jakarta Pondok Indah 1,Jl. Metro Pondok Indah Kav.II UA No. 48-50,Pondok Pinang,Kebayoran Lama,Wil. Kota Jakarta Selatan,12310,DKI JAKARTA,JAKARTA PONDOK INDAH,10100,,,
80,"-6.271075, 106.757102",Jakarta Bintaro Jaya 1,"Jl. Bintaro Utama I, Bintaro Jaya Sektor I",Bintaro,Pesanggrahan,Wil. Kota Jakarta Selatan,12330,DKI JAKARTA,JAKARTA PONDOK INDAH,10119,,,
81,"-6.274699, 106.763340",Jakarta Bintaro Veteran 1,Jl. RS Veteran No. 01 - CD,Kel. Bintaro,Pesanggrahan,Wil. Kota Jakarta Selatan,12330,DKI JAKARTA,JAKARTA PONDOK INDAH,10122,,,
82,"-6.3000376,106.7794909",Jakarta Lebak Bulus 1,Komp. Perum Bona Indah Blok A.2A/11 Jl. Karang Tengah Raya,Lebak Bulus,Cilandak,Wil. Kota Jakarta Selatan,12440,DKI JAKARTA,JAKARTA PONDOK INDAH,10106,,,
83,"-6.236275,106.7495773",Jakarta Petukangan 1,Jl. Raya Ciledug No. 4,Petukangan Utara,Pesanggrahan,Wil. Kota Jakarta Selatan,12270,DKI JAKARTA,JAKARTA PONDOK INDAH,10123,,,
84,"-6.230467, 106.779903",Jakarta Kebayoran Lama 1,Jl. Raya Kebayoran Lama No. 222,Grogol Selatan,Kebayoran Lama,Wil. Kota Jakarta Selatan,12220,DKI JAKARTA,JAKARTA PONDOK INDAH,10116,,,
85,"-6.274226, 106.773802",Jakarta Pondok Pinang Center 1,"Pertokoan Pondok Pinang Center Blok A 36/38/40, Jl. Ciputat Raya",Pondok Pinang,Kebayoran Lama,Wil. Kota Jakarta Selatan,12310,DKI JAKARTA,JAKARTA PONDOK INDAH,10110,,,
86,"-6.2909351,106.7840268",Jakarta Aminta Plaza 1,"Gedung Aminta Plaza, Jl. Letjend. T.B. Simatupang Kav. X",Pondok Pinang,Kebayoran Lama,Wil. Kota Jakarta Selatan,12310,DKI JAKARTA,JAKARTA PONDOK INDAH,10107,,,
87,"-6.248832, 106.781447",Jakarta Arteri Pondok Indah 1,Jl. Sultan Iskandar Muda No. 8 A,Kebayoran Lama Selatan,Kebayoran Lama,Wil. Kota Jakarta Selatan,12240,DKI JAKARTA,JAKARTA PONDOK INDAH,10111,,,
88,"-6.213683, 106.819708",Jakarta World Trade Center 1,Jl. Jend. Sudirman Kav. 29,Setiabudi,Setiabudi,Wil. Kota Jakarta Selatan,12920,DKI JAKARTA,JAKARTA SUDIRMAN,10220,,,
89,"-6.232668, 106.796338",Jakarta Pakubuwono 1,"Jl. Pakubuwono VI No. 6, Kebayoran Baru",Gunung,Kebayoran Baru,Wil. Kota Jakarta Selatan,12120,DKI JAKARTA,JAKARTA SUDIRMAN,10211,,,
90,"-6.234869, 106.785937",Jakarta Simprug 1,"Simprug Gallery Blok B, Jl. Teuku Nyak Arief No. 10",Grogol Selatan,Kebayoran Lama,Wil. Kota Jakarta Selatan,12220,DKI JAKARTA,JAKARTA SUDIRMAN,10202,,,
91,"-6.2214285,106.783983",Jakarta ITC Permata Hijau 2,"Ruko Grand ITC Permata Hijau Blok Emerald G 28, Jl. Arteri Permata Hijau",Grogol Utara,Kebayoran Lama,Wil. Kota Jakarta Selatan,12210,DKI JAKARTA,JAKARTA SUDIRMAN,10212,,,
92,"-6.208941, 106.822280",Jakarta Sudirman Plaza 1,"Gedung Sudirman Plaza, Indofood Tower Lantai 1 Suite D & E Jl. Jend. Sudirman Kav. 76-78",Setiabudi,Setiabudi,Wil. Kota Jakarta Selatan,12190,DKI JAKARTA,JAKARTA SUDIRMAN,10229,,,
93,"-6.238635, 106.816716",Jakarta Tendean 1,Jl. Wolter Monginsidi No. 123 C,Rawa Barat,Kebayoran Baru,Wil. Kota Jakarta Selatan,12180,DKI JAKARTA,JAKARTA SUDIRMAN,10207,Revisi,,